{
  "Andhra Pradesh": ["Adilabad", "Amalapuram", "Anakapalli", "Anantapur", "Avanigadda", "Bapatla", "Bellampalli", "Bellary", "Bhimavaram", "Chirala", "Darsi", "Dhone", "Eluru", "Gudivada", "Gudur", "Guntakal", "Guntur", "Hindupur", "Jaggampet", "Jagtial", "Jangaon", "Jangareddygudem", "Kakinada", "Kandukur", "Karimnagar", "Kurnool", "Machilipatnam", "Madras (Chennai)", "Madanpalle", "Markapur", "Medchal", "Miryalaguda", "Nalgonda", "Nandyal", "Nellore", "Nizamabad", "Ongole", "Palakollu", "Palasa", "Pamidi", "Parvathipuram", "Pedapalli", "Peddapalli", "Perecherla", "Piled", "Poranki", "Rajahm undry", "Rajahmundry", "Rajamahendravaram", "Rajendranagar", "Ranasthalam", "Rantambore", "Rayadurg", "Renigunta", "Repalle", "Rudravaram", "Saidapet", "Salur", "Samalkot", "Sangareddy", "Sarigam", "Sattenapalli", "Sattupalli", "Secunderabad", "Serilingampalli", "Siddipet", "Siddhipet", "Siricilla", "Srisailam", "Suryapet", "Tandoor", "Tandur", "Tandurra", "Tangeda", "Tasnolakonda", "Telangana", "Tenali", "Tetulia", "Thanjavur", "Theegala", "Thirupati", "Tirupati", "Tiruvannamalai", "Todupularivaripalli", "Toopran", "Totalagaon", "Tripudi", "Tripuranthakam", "Trissur", "Trivandrum", "Tumkur", "Tunga", "Turangi", "Turkapally", "Ubergaon", "Udaipur", "Udayarpalayam", "Udipi", "Udupi", "Ujjain", "Ulhas", "Ulhasnagar", "Uluberia", "Umbergaon", "Umbergaum", "Umerabad", "Umerkot", "Umnabad", "Unakalandi", "Unao", "Unazuki", "Unchahar", "Unchegaon", "Uncheri", "Unchia", "Unchi", "Unchra", "Undal", "Undasa", "Undavalli", "Undavdi", "Undavelli", "Underpalli", "Undesar", "Undha", "Undhela", "Undhi", "Undhia", "Undhiyara", "Undhol", "Undhwara", "Undila", "Undira", "Undisra", "Undlacane", "Undli", "Undola", "Undolian", "Undorna", "Undosarup", "Undosar", "Undraj", "Undrapur", "Undri", "Undripur", "Unduli", "Undur", "Undurbara", "Undurwali", "Undusyampet", "Undwara", "Unedu", "Unfai", "Ungaon", "Ungavah", "Ungera", "Ungerala", "Ungib", "Ungind", "Ungira", "Ungola", "Ungu", "Ungur", "Unhala", "Unhali", "Unhapur", "Unhde", "Unhel", "Unhel", "Unholi", "Unhone", "Unhoo", "Unhopur", "Unhora", "Unhori", "Unhotia", "Unhotri", "Unhra", "Unhri", "Unhria", "Unhu", "Unhur", "Unhuwala", "Unhwa", "Uniba", "Unicha", "Unichampa", "Unichola", "Unicholi", "Unichulo", "Unichund", "Unicolor", "Unida", "Unidah", "Unidal", "Unidade", "Unidi", "Unidih", "Unidim", "Unidna", "Unido", "Unidpalli", "Unidra", "Unidri", "Unidri", "Unidrim", "Unifal", "Unifara", "Unifari", "Unifart", "Uniganj", "Unigat", "Unigaun", "Unigeria", "Unigerwali", "Unighai", "Unighal", "Unighara", "Unigharia", "Unighasi", "Unighata", "Unighathol", "Unighaudhar", "Unighaulia", "Unighaupur", "Unighav", "Unighavali", "Unighavani", "Unighavde", "Unighavdo", "Unighaven", "Unighaver", "Unighavi", "Unighavil", "Unighavin", "Unighavla", "Unighavra", "Unighavri", "Unighavsa", "Unighatia", "Unighatol", "Unighatpur", "Unighatsa", "Unighatua", "Unighatva", "Unighaud", "Unighaund", "Unighava", "Unighaval", "Unighavda", "Unighavde", "Unighavdi", "Unighavet", "Unighavia", "Unighavil", "Unighavla", "Unighavli", "Unighavna", "Unighavpara", "Unighavpur", "Unighavpuri", "Unighavra", "Unighavsu", "Unighavta", "Unighavta", "Unighavatpur", "Unighavva", "Unighava", "Visakhapatnam", "Vijayawada", "Warangal"],
  "Arunachal Pradesh": ["Itanagar", "Naharlagun", "Pasighat", "Tawang", "Bomdila", "Tezu", "Roing", "Changlang", "Khonsa", "Ziro", "Seppa", "Papum Pare", "Namsai", "Kra Daadi"],
  "Assam": ["Guwahati", "Silchar", "Dibrugarh", "Nagaon", "Barpeta", "Jorhat", "Tinsukia", "Bongaigaon", "Golaghat", "Kamrup", "Sonitpur", "Nalbari", "Lakhimpur", "Dhubri", "Karimganj", "Darrang", "Morigaon"],
  "Bihar": ["Patna", "Gaya", "Bhagalpur", "Muzaffarpur", "Darbhanga", "Arrah", "Munger", "Saharsa", "Motihari", "Madhubani", "Purnia", "Begusarai", "Katihar", "Hajipur", "Chapra", "Siwan", "East Champaran", "West Champaran", "Madhepura", "Supaul"],
  "Chhattisgarh": ["Raipur", "Bilaspur", "Durg", "Rajnandgaon", "Jagdalpur", "Raigarh", "Korba", "Dhamtari", "Bhilai", "Ambikapur", "Mandir-Hasaud", "Rajgarh", "Sakti", "Mahasamund", "Balod", "Bemetara"],
  "Goa": ["Panaji", "Margao", "Vasco da Gama", "Mapusa", "Ponda", "Bicholim", "Pernem", "Curchorem", "Canacona", "Sattari", "Quepem", "Sanquelim"],
  "Gujarat": ["Ahmedabad", "Surat", "Vadodara", "Rajkot", "Gandhinagar", "Jamnagar", "Junagadh", "Bhavnagar", "Anand", "Bhuj", "Godhra", "Mehsana", "Morbi", "Veraval", "Khambhat", "Porbandar", "Botad", "Surendranagar", "Patan", "Mahesana", "Visnagar", "Palanpur", "Bayad", "Abdasa"],
  "Haryana": ["Faridabad", "Gurgaon", "Hisar", "Rohtak", "Panipat", "Karnal", "Yamunanagar", "Ambala", "Sonipat", "Jhajjar", "Kaithal", "Kurukshetra", "Panchkula", "Ratia", "Nuh", "Fatehabad"],
  "Himachal Pradesh": ["Shimla", "Mandi", "Kangra", "Solan", "Bilaspur", "Hamirpur", "Palampur", "Rampur", "Chamba", "Kinnaur", "Spiti", "Dalhousie", "Kasauli", "Kufri", "Nahan", "Sundarnagar"],
  "Jharkhand": ["Ranchi", "Dhanbad", "Jamshedpur", "Giridih", "Bokaro", "Hazaribagh", "Deoghar", "Dumka", "Godda", "Koderma", "Lohardaga", "Palamu", "Chatra", "Jamtara", "Ramgarh", "Sahibganj", "Pakur", "West Singhbhum"],
  "Karnataka": ["Bengaluru", "Mysore", "Hubli", "Mangalore", "Belgaum", "Gulbarga", "Tumkur", "Davangere", "Belagavi", "Udupi", "Shimoga", "Chitradurga", "Hassan", "Bijapur", "Kolar", "Raichur", "Yadgir", "Koppal", "Gadag", "Bagalkot", "Chamarajanagar", "Chikballapur", "Chikmagalur", "Kodagu"],
  "Kerala": ["Thiruvananthapuram", "Ernakulam", "Kottayam", "Kannur", "Kozhikode", "Thrissur", "Alappuzha", "Kottarakkara", "Pathanamthitta", "Kasaragod", "Malappuram", "Idukki", "Wayanad", "Palakkad", "Kollam"],
  "Madhya Pradesh": ["Indore", "Bhopal", "Jabalpur", "Ujjain", "Gwalior", "Ratlam", "Durg", "Sagar", "Itarsi", "Dhar", "Vidisha", "Khargone", "Seoni", "Betul", "Mandla", "Narsinghpur", "Raisen", "Damoh", "Datia", "Morena", "Shivpuri", "Shahdol", "Singrauli", "Sidhi", "Umaria"],
  "Maharashtra": ["Mumbai", "Pune", "Nagpur", "Thane", "Nashik", "Aurangabad", "Kolhapur", "Sangli", "Akola", "Amravati", "Solapur", "Satara", "Latur", "Nanded", "Parbhani", "Jalgaon", "Beed", "Hingoli", "Washim", "Wardha", "Yavatmal", "Chandrapur", "Gondia", "Buldhana"],
  "Manipur": ["Imphal", "Bishnupur", "Thoubal", "Kakching", "Ukhrul", "Tamenglong", "Senapati", "Chandel", "Churachandpur"],
  "Meghalaya": ["Shillong", "Tura", "Jowai", "Nongstoin", "Baghmara", "Cherrapunji", "Mairang", "Mawkyrwat", "Ri-Bhoi"],
  "Mizoram": ["Aizawl", "Lunglei", "Saiha", "Silchar", "Champhai", "Kolasib", "Serchhip", "Mamit"],
  "Nagaland": ["Kohima", "Dimapur", "Mokokchung", "Zunheboto", "Kiphire", "Longleng", "Wokha", "Mon", "Tuensang", "Peren"],
  "Odisha": ["Bhubaneswar", "Cuttack", "Rourkela", "Brahmapur", "Balangir", "Sambalpur", "Berhampur", "Balasore", "Dhenkanal", "Angul", "Jharsuguda", "Bargarh", "Bhadrak", "Jagatsinghpur", "Kendujhar", "Mayurbhanj", "Nayagarh", "Nuapada", "Sonepur"],
  "Punjab": ["Chandigarh", "Ludhiana", "Amritsar", "Jalandhar", "Patiala", "Bathinda", "Mohali", "Sangrur", "Hoshiarpur", "Firozpur", "Gurdaspur", "Kapurthala", "Faridkot", "Nawanshahr", "Pathankot", "Mansa", "Rupnagar"],
  "Rajasthan": ["Jaipur", "Jodhpur", "Udaipur", "Bikaner", "Ajmer", "Kota", "Bhilwara", "Pushkar", "Alwar", "Barmer", "Pali", "Sikar", "Churu", "Nagaur", "Jhunjhunu", "Dausa", "Dholpur", "Karauli", "Sawai Madhopur", "Banswara", "Dungarpur", "Hanumangarh", "Baran", "Bundi", "Pratapgarh"],
  "Sikkim": ["Gangtok", "Namchi", "Gyalshing", "Mangan", "Pelling", "Jorethang", "Rangpo", "Lachung", "Yuksom", "Soreng"],
  "Tamil Nadu": ["Chennai", "Coimbatore", "Madurai", "Salem", "Tiruppur", "Erode", "Villupuram", "Vellore", "Kanchipuram", "Kumbakonam", "Thanjavur", "Nagercoil", "Kanyakumari", "Thirunelveli", "Tiruchirappalli", "Thoothukudi", "Tirunelveli", "Ranipet", "Chengalpattu", "Kanniyakumari", "Karur", "Krishnagiri", "Nilgiris", "Perambalur", "Ramanathapuram", "Sivaganga", "Tenkasi", "Tiruvannamalai"],
  "Telangana": ["Hyderabad", "Warangal", "Nizamabad", "Karimnagar", "Khammam", "Ramagundam", "Mahbubnagar", "Miryalaguda", "Bodhan", "Adilabad", "Vikarabad", "Medak", "Siddipet", "Sangareddy", "Nalgonda", "Tandur", "Tandoor", "Tandapur"],
  "Tripura": ["Agartala", "Udaipur", "Dharmanagar", "Ambassa", "Kailashahar", "Sabroom", "Teliamura", "Sonamura", "Kumarghat", "Manu"],
  "Uttar Pradesh": ["Lucknow", "Kanpur", "Varanasi", "Meerut", "Agra", "Ghaziabad", "Noida", "Allahabad", "Bareilly", "Mathura", "Jhansi", "Moradabad", "Saharanpur", "Firozabad", "Etah", "Aligarh", "Etawah", "Azamgarh", "Ballia", "Banda", "Bara Banki", "Basti", "Bijnore", "Budaun", "Bulandshahr", "Chandausi", "Chitrakoot", "Deoria", "Farrukhabad", "Fatehpur", "Ghazipur", "Gonda", "Gorakhpur", "Hardoi", "Hathras", "Hapur", "Jalaun", "Jaunpur", "Kannauj", "Kaushambi", "Kasganj", "Lalitpur", "Lakhimpur Kheri", "Lucknow", "Mahoba", "Mainpuri", "Manjhanpur", "Mau", "Mirzapur", "Muzaffarnagar", "Muzaffarpur", "Orai", "Pilibhit", "Prayagraj", "Raebareli", "Rampur", "Ranikhet", "Rannoji", "Rae Bareli", "Rishikesh", "Saharanpur", "Sambhal", "Sandeep", "Sant Kabir Nagar", "Satyendra", "Shahabad", "Shahganj", "Shahjahanpur", "Shahjahpur", "Shamli", "Sikandrabad", "Sikar", "Sitapur", "Sonbhadra", "Sultanpur", "Surajpura", "Tandur", "Tanda", "Thakurdwara", "Tihar Gaon", "Tijara", "Tirua", "Tokha", "Tondipur", "Tosham", "Tundla", "Tunga", "Tuppa Kuchidev", "Turki", "Tushar", "Tusipur", "Udipur", "Ujhani", "Unch", "Unnao", "Upadhyay", "Uppur", "Urdu Bazar", "Urn", "Usawan", "Utmanzai", "Uttarkashi"],
  "Uttarakhand": ["Dehradun", "Ghaziabad", "Haridwar", "Rudraprayag", "Almora", "Nainital", "Pithoragarh", "Bageshwar", "Chamoli", "Uttarkashi", "Pauri", "Tehri", "Udam Singh Nagar"],
  "West Bengal": ["Kolkata", "Asansol", "Siliguri", "Darjeeling", "Durgapur", "Kharagpur", "Jalpaiguri", "Cooch Behar", "Malda", "Murshidabad", "Howrah", "Hooghly", "Birbhum", "Purulia", "Bankura", "Medinipur", "North 24 Parganas", "South 24 Parganas"]
}
